{
  "project_info": {
    "project_number": "956582854562",
    "project_id": "daniser-music-6aadd",
    "storage_bucket": "daniser-music-6aadd.appspot.com"
  },
  "client": [
    {
      "client_info": {
        "mobilesdk_app_id": "1:956582854562:android:60f7484b0ff262b335fcfb",
        "android_client_info": {
          "package_name": "com.mycompany.danisermusic"
        }
      },
      "oauth_client": [],
      "api_key": [
        {
          "current_key": "AIzaSyDRq91XlZuIEuTBVpDuprraDSFKVp2FOQw"
        }
      ],
      "services": {
        "appinvite_service": {
          "other_platform_oauth_client": []
        }
      }
    }
  ],
  "configuration_version": "1"
}